{
    "_runtime": 1590.359188079834,
    "_step": 999,
    "_timestamp": 1573583446.8518589,
    "total_reward": 50.0
}
